Player,G,PTS,TRB,AST,FG(%),FG3(%),FT(%),eFG(%),PER,WS
LaBradford Smith,183,6.7,1.5,2.2,43.2,29.8,81.3,44.6,10.8,1.5
LaMarcus Aldridge,984,19.6,8.4,2.0,49.2,30.8,81.1,49.7,20.9,110.5
LaPhonso Ellis,624,11.9,6.5,1.6,45.2,30.2,73.0,47.1,14.6,32.8
LaRue Martin,271,5.3,4.6,0.7,41.6,null,68.5,null,12.1,1.9
LaSalle Thompson,985,7.9,6.8,1.2,49.2,15.4,73.7,49.2,13.6,35.0
Lamar Green,411,5.2,6.2,0.8,43.0,-,66.0,43.0,10.6,7.4
Lamar Odom,961,13.3,8.4,3.7,46.3,31.2,69.3,49.5,16.5,77.0
Lamar Patterson,40,2.3,1.4,1.1,32.6,23.6,72.0,39.5,4.4,0.1
Lamond Murray,736,11.3,4.1,1.3,43.0,36.0,75.9,46.6,14.1,19.8
Lamont Strothers,13,4.6,1.2,1.1,32.9,13.3,71.4,34.2,5.8,-0.5
Lanard Copeland,33,2.7,0.5,0.4,41.8,14.3,81.3,42.3,8.2,-0.4
Lancaster Gordon,201,5.6,1.3,1.5,39.1,27.1,76.7,40.0,9.4,-2.7
Lance Allred,3,1.0,0.3,0.0,25.0,-,50.0,25.0,-1.0,0.0
Lance Blanks,142,2.0,0.8,0.8,43.6,25.3,66.7,47.2,8.8,0.7
Lance Stephenson,508,8.6,4.2,2.9,44.4,31.5,68.5,48.8,12.1,16.7
Lance Thomas,392,5.2,2.6,0.7,41.7,38.3,79.7,46.3,8.3,5.4
Landry Fields,255,6.8,4.3,1.6,47.3,33.2,66.6,51.5,12.1,10.5
Landry Shamet,100,9.1,1.8,1.5,42.9,41.6,83.9,57.8,10.4,4.6
Langston Galloway,377,8.4,2.6,1.7,39.2,36.5,81.0,48.8,11.5,12.5
Lari Ketner,25,1.4,1.4,0.1,40.6,-,66.7,40.6,6.2,0.0
Laron Profit,135,3.3,1.5,1.2,41.9,23.6,71.2,44.4,10.6,0.7
Larry Bergh,20,6.1,4.3,0.9,40.8,0.0,69.7,40.8,15.3,0.1
Larry Bird,897,24.3,10.0,6.3,49.6,37.6,88.6,51.4,23.5,145.8
Larry Brown,376,11.2,2.7,6.7,41.2,23.0,81.3,41.9,11.4,24.8
Larry Bunce,129,8.9,6.4,0.7,42.0,0.0,71.6,42.0,12.6,4.3
Larry Cannon,213,16.6,2.9,3.6,41.1,25.7,76.0,41.5,14.8,7.1
Larry Comley,12,2.1,1.6,1.0,21.6,null,56.3,null,5.6,-0.3
Larry Conley,1,2.0,0.0,0.0,25.0,-,-,25.0,-11.4,0.0
Larry Costello,706,12.2,3.8,4.6,43.8,null,84.1,null,14.5,62.7
Larry Demic,206,4.7,3.9,0.5,45.9,0.0,58.0,45.9,8.1,1.4
Larry Drew,714,11.4,1.8,5.2,46.7,29.1,79.8,47.5,14.0,24.4
Larry Drew II,22,2.9,0.8,2.5,32.9,20.0,66.7,37.2,4.1,-0.5
Larry Finch,128,8.6,1.7,2.4,43.1,34.2,82.9,44.5,9.7,1.7
Larry Fogle,2,1.0,1.5,0.0,20.0,null,-,null,-0.5,0.0
Larry Foust,817,13.7,9.8,1.7,40.5,null,74.1,null,18.4,74.3
Larry Friend,44,4.0,2.4,1.1,32.7,null,65.9,null,7.7,-0.4
Larry Hennessy,74,4.5,1.3,1.0,33.4,null,76.6,null,9.5,-1.0
Larry Hughes,727,14.1,4.2,3.1,40.6,30.9,75.7,43.5,14.9,32.3
Larry Johnson,4,1.5,1.3,1.8,23.1,null,0.0,null,8.0,-0.1
Larry Johnson,707,16.2,7.5,3.3,48.4,33.2,76.6,50.5,16.3,69.7
Larry Jones,551,19.1,4.9,3.7,45.3,27.7,79.3,46.3,18.9,56.4
Larry Kenon,752,17.2,8.9,2.2,48.7,14.3,78.4,48.7,17.0,58.5
Larry Krystkowiak,420,8.2,4.9,1.2,45.7,13.9,79.5,45.8,12.0,15.6
Larry McNeill,297,8.5,4.8,0.8,46.6,null,77.9,null,16.7,13.4
Larry Micheaux,96,3.4,2.7,0.5,56.7,0.0,61.0,56.7,15.3,2.5
Larry Mikan,53,3.0,2.6,0.8,33.3,null,61.8,null,8.4,-0.8
Larry Miller,486,13.6,5.0,2.4,43.2,24.8,72.4,43.9,13.5,19.5
Larry Moffett,20,0.8,1.1,0.4,29.4,null,60.0,null,4.0,-0.1
Larry Moore,12,2.3,1.3,0.1,24.2,0.0,84.6,24.2,-0.3,-0.2
Larry Nance,920,17.1,8.0,2.6,54.6,14.5,75.5,54.6,19.9,109.6
Larry Nance Jr.,290,7.7,6.6,1.7,53.4,31.0,69.6,55.5,16.9,18.0
Larry Owens,19,2.8,1.5,0.6,44.2,44.4,53.8,53.5,9.4,0.3
Larry Robinson,89,4.5,1.9,0.9,38.4,37.3,66.7,44.7,10.3,0.9
Larry Sanders,238,6.4,5.7,0.7,48.0,0.0,55.3,48.0,15.4,10.3
Larry Siegfried,550,10.8,2.8,3.5,40.9,null,85.4,null,13.7,33.1
Larry Smith,883,6.7,9.2,1.1,53.1,0.0,53.1,53.1,12.6,46.0
Larry Spriggs,169,5.2,2.3,1.3,51.7,0.0,75.2,51.7,11.3,3.4
Larry Staverman,265,4.7,3.8,0.9,46.5,null,78.5,null,13.3,6.9
Larry Steele,610,8.2,2.9,2.8,48.3,0.0,79.6,48.3,12.7,28.2
Larry Stewart,270,7.4,4.0,1.3,50.9,20.5,75.3,51.2,13.0,9.7
Larry Sykes,1,0.0,2.0,0.0,-,-,-,-,0.0,0.0
Larry Wright,343,8.2,1.6,3.4,46.5,26.1,77.7,46.6,13.1,10.6
Lars Hansen,15,5.1,3.9,0.9,50.9,null,58.1,null,13.6,0.6
Latrell Sprewell,913,18.3,4.1,4.0,42.5,33.7,80.4,46.4,15.1,56.3
Lauri Markkanen,158,16.4,7.8,1.4,42.9,35.8,85.0,51.2,16.0,8.6
Lavor Postell,61,3.2,0.7,0.2,33.5,25.0,79.5,36.6,8.9,-0.2
Lavoy Allen,388,4.8,4.8,1.0,47.1,13.3,68.2,47.2,12.5,13.8
Lawrence Boston,13,4.3,3.0,0.2,46.2,-,61.5,46.2,12.6,0.2
Lawrence Funderburke,318,6.4,3.6,0.6,50.6,11.8,67.5,50.6,16.4,12.9
Lawrence Moten,119,6.3,1.5,1.5,40.8,29.9,65.2,45.0,12.6,0.0
Lawrence Roberts,87,3.8,3.6,0.4,45.2,0.0,68.8,45.2,13.5,2.5
Lazar Hayward,72,2.9,1.3,0.5,34.7,26.9,76.7,39.9,9.0,0.2
Lazaro Borrell,17,3.6,2.4,0.6,44.4,0.0,54.5,44.4,15.0,0.3
LeBron James,1234,27.1,7.4,7.3,50.4,34.4,73.5,54.1,27.6,232.5
LeRon Ellis,91,3.0,2.4,0.3,43.3,-,61.3,43.3,11.9,1.2
Leandro Barbosa,850,10.6,2.0,2.1,45.9,38.7,82.1,52.6,15.1,37.4
Leary Lentz,148,8.0,6.2,0.8,40.5,0.0,66.0,40.5,12.0,3.4
Ledell Eackles,441,10.8,2.2,1.7,44.5,33.6,76.7,46.1,13.8,10.8
Lee Davis,453,7.8,4.8,1.0,48.2,18.9,60.7,48.4,15.0,12.7
Lee Johnson,12,1.4,1.8,0.1,28.0,-,60.0,28.0,0.8,-0.2
Lee Knorek,131,6.7,-,1.6,30.3,null,63.7,null,-,9.3
Lee Mayberry,496,5.1,1.3,3.6,41.5,37.7,65.9,49.8,10.1,7.9
Lee Nailon,306,8.6,3.1,1.0,47.4,11.1,78.6,47.4,14.0,8.0
Lee Robbins,47,4.8,-,0.4,28.4,null,56.4,null,-,0.2
Lee Shaffer,196,16.8,6.3,1.2,42.0,null,77.6,null,14.6,8.2
Lee Winfield,403,7.3,2.1,2.5,47.4,null,66.8,null,13.3,12.1
Leland Mitchell,78,4.1,2.3,0.9,34.9,27.6,65.9,37.9,3.7,0.6
Len Chappell,670,9.3,5.1,0.8,45.2,-,69.7,45.2,15.6,21.9
Len Elmore,658,6.0,5.1,0.9,41.0,20.0,72.6,41.0,11.5,18.9
Len Kosmalski,76,1.4,1.9,0.7,39.8,null,77.8,null,10.4,0.6
Lennie Rosenbluth,82,4.2,1.8,0.4,32.7,null,65.5,null,12.4,-0.7
Lenny Wilkens,1077,16.5,4.7,6.7,43.2,null,77.4,null,16.8,95.5
Leo Barnhorst,344,9.4,5.4,3.2,36.8,null,66.5,null,11.4,14.2
Leo Gottlieb,84,5.5,-,0.4,28.8,null,64.5,null,-,1.8
Leo Katkaveck,107,4.3,-,1.3,31.7,null,68.5,null,-,1.9
Leo Klier,113,7.1,-,1.6,28.0,null,72.8,null,-,2.6
Leo Kubiak,62,11.5,-,3.2,32.6,null,81.4,null,-,0.5
Leo Mogus,231,8.5,1.8,1.4,33.2,null,71.6,null,-,21.9
Leo Rautins,32,1.5,1.1,1.0,35.0,-,60.0,35.0,5.8,-0.1
Leon Benbow,115,5.5,1.9,1.6,39.4,null,75.9,null,10.9,1.7
Leon Blevins,2,1.0,1.0,0.5,25.0,null,0.0,null,-,0.0
Leon Brown,5,0.0,-,0.0,0.0,null,-,null,-,-0.1
Leon Douglas,456,7.9,6.5,1.1,49.5,0.0,60.1,49.5,11.9,15.2
Leon Powe,239,6.2,3.8,0.3,51.5,0.0,68.2,51.5,16.8,12.0
Leon Smith,15,2.2,2.2,0.2,39.3,-,64.7,39.3,14.3,0.2
Leon Wood,274,6.4,1.2,3.2,39.2,32.6,79.2,44.9,12.6,6.7
Leonard Gray,224,10.8,5.2,2.2,46.9,null,73.9,null,12.7,9.9
Leonard Taylor,10,1.1,1.2,0.1,0.0,0.0,68.8,0.0,3.8,-0.1
Leroy Chollet,63,2.9,1.1,0.8,29.1,null,62.7,null,-,0.2
Leroy Combs,48,4.5,1.2,0.8,49.7,0.0,61.5,49.7,13.5,0.4
Leroy Ellis,1048,9.7,8.3,1.3,44.2,null,72.8,null,13.2,46.3
Leroy Wright,27,2.4,5.1,0.6,38.4,-,33.3,38.4,5.7,0.2
Les Hunter,468,12.3,6.9,1.6,44.3,19.9,69.9,44.6,14.8,25.5
Les Jepsen,52,1.0,1.3,0.0,33.3,0.0,65.0,33.3,8.8,0.1
Les Pugh,116,6.1,-,0.6,28.5,null,79.2,null,-,0.6
Lester Conner,687,6.3,2.7,3.9,45.3,20.2,75.3,45.6,14.1,28.6
Lester Hudson,57,4.7,1.4,1.2,37.5,27.7,80.6,43.1,13.0,0.2
Lester Selvage,82,13.5,2.7,3.1,35.4,31.6,74.1,42.4,10.6,2.3
Levern Tart,274,19.4,5.0,3.0,44.5,25.3,78.4,44.7,17.0,19.9
Levi Fontaine,35,3.8,0.4,0.6,36.6,null,75.7,null,12.1,-0.3
Lew Hitch,414,5.0,5.3,1.2,37.6,null,67.4,null,10.4,11.5
Lewis Brown,2,1.0,1.0,0.0,0.0,-,40.0,0.0,-18.6,-0.1
Lewis Lloyd,388,13.2,3.1,2.9,52.4,21.3,77.1,52.5,16.4,19.8
Linas Kleiza,409,8.7,3.6,0.8,43.5,33.5,76.3,50.2,12.4,13.6
Lindsay Hairston,47,5.8,3.8,0.4,45.6,null,58.0,null,14.8,1.0
Lindsey Hunter,937,8.5,2.2,2.7,38.8,36.0,74.6,45.8,12.1,32.9
Linton Johnson,151,3.9,3.3,0.4,41.6,30.5,69.9,44.4,10.9,2.6
Linton Townes,60,4.3,1.1,0.5,44.0,36.0,75.0,45.8,11.5,0.6
Lionel Billingy,46,8.5,6.1,1.1,42.7,0.0,65.0,42.7,10.5,-0.4
Lionel Chalmers,36,3.1,0.9,1.4,33.6,24.5,62.5,38.4,6.5,-0.2
Lionel Hollins,673,11.6,2.4,4.5,44.4,14.9,74.1,44.5,13.0,22.9
Lionel Malamed,44,5.9,-,1.4,33.4,null,83.1,null,-,1.7
Lionel Simmons,454,12.8,6.2,3.3,43.3,30.5,77.1,43.7,14.7,16.9
Litterial Green,148,2.9,0.5,1.2,42.0,7.7,66.5,42.3,11.6,1.6
Lloyd Batts,58,10.3,3.4,1.8,36.6,28.6,61.7,39.7,11.3,-0.5
Lloyd Daniels,200,7.1,2.2,1.6,40.3,31.6,74.3,45.8,11.5,3.3
Lloyd Neal,435,11.1,7.7,1.5,48.5,null,67.2,null,15.4,22.7
Lloyd Walton,341,4.2,1.1,3.6,45.4,25.0,71.1,45.5,11.4,5.2
Logan Vander Velden,15,0.6,0.4,0.1,21.4,0.0,75.0,21.4,1.8,-0.1
London Perrantes,14,0.5,0.3,0.4,15.4,0.0,60.0,15.4,0.7,-0.1
Lonnie Eggleston,2,2.0,-,0.5,25.0,null,66.7,null,-,0.0
Lonnie Kluttz,3,0.0,1.7,0.0,0.0,-,-,0.0,-8.8,-0.1
Lonnie Lynn,52,5.0,5.0,0.8,40.7,0.0,48.6,40.7,9.1,0.1
Lonnie Shelton,673,12.0,6.1,2.2,49.2,9.7,73.8,49.2,14.2,37.5
Lonnie Walker,45,4.7,1.7,0.6,43.6,37.3,70.7,48.7,12.3,0.3
Lonnie Wright,335,10.7,2.7,1.9,40.7,25.5,72.1,42.3,10.1,5.9
Lonny Baxter,162,3.9,2.9,0.2,46.6,20.0,65.7,46.7,11.6,2.9
Lonzo Ball,129,10.5,5.9,6.2,38.7,32.6,46.3,47.3,12.5,4.4
Loren Meyer,140,4.6,3.4,0.6,43.2,34.8,69.6,43.9,8.5,0.5
Loren Woods,215,2.6,3.2,0.3,41.9,14.3,64.2,42.0,11.2,3.1
Lorenzen Wright,778,8.0,6.4,0.8,45.9,6.9,64.5,45.9,13.3,30.5
Lorenzo Brown,103,2.8,1.5,1.8,36.4,17.0,70.7,39.1,9.0,-0.2
Lorenzo Charles,36,3.4,1.1,0.2,55.7,-,66.7,55.7,11.5,0.5
Lorenzo Romar,291,5.9,1.3,3.5,46.4,21.1,74.9,47.0,13.0,8.0
Lorenzo Williams,253,3.0,6.3,1.0,46.9,0.0,37.7,46.9,10.2,7.3
Lou Amundson,428,3.7,3.6,0.4,47.4,0.0,44.4,47.4,12.0,6.9
Lou Hudson,890,20.2,4.4,2.7,48.9,null,79.7,null,17.4,81.0
Lou Roe,66,2.0,1.4,0.3,33.3,25.0,64.7,35.1,7.7,0.0
Lou Spicer,4,0.3,-,0.0,0.0,null,50.0,null,-,-0.2
Lou Tsioropoulos,157,5.8,4.8,1.1,31.5,null,71.7,null,7.7,2.1
Lou Williams,971,14.4,2.2,3.4,42.1,35.0,83.9,48.2,18.4,62.0
Louie Dampier,960,15.9,2.6,4.9,44.4,35.8,82.0,47.4,15.2,74.1
Louie Nelson,224,9.4,2.4,1.9,43.7,null,73.8,null,12.6,6.4
Louis King,4,1.8,0.5,0.3,42.9,33.3,-,50.0,14.8,0.0
Louis Orr,569,9.7,3.7,1.5,46.8,8.3,78.7,46.8,13.4,25.7
Lowes Moore,112,6.7,2.0,2.8,44.2,20.0,75.0,45.0,10.7,1.5
Loy Petersen,69,2.9,1.0,0.7,38.7,null,68.2,null,9.5,0.2
Loy Vaught,689,10.1,7.1,0.9,50.4,24.4,71.8,50.6,15.4,35.8
Loyd King,84,6.0,1.5,1.4,36.5,23.3,81.1,38.5,7.6,0.1
Luc Longley,567,7.2,4.9,1.5,46.2,0.0,76.0,46.2,11.8,17.5
Luc Mbah a Moute,686,6.4,4.1,0.9,45.4,33.5,66.0,48.2,10.7,26.0
Lucas Nogueira,141,3.2,2.8,0.5,63.2,26.5,64.0,64.8,15.8,6.0
Lucious Harris,800,7.2,2.3,1.4,42.6,34.8,79.0,46.5,12.8,28.7
Lucius Allen,702,13.4,3.1,4.5,46.3,null,76.0,null,15.5,42.0
Luguentz Dort,7,3.3,1.4,0.4,32.0,7.1,60.0,34.0,0.9,-0.1
Luis Flores,16,2.2,0.2,0.7,48.3,50.0,100.0,56.9,10.1,0.0
Luis Montero,14,1.0,0.4,0.1,25.0,11.1,75.0,27.5,-4.8,-0.3
Luis Scola,743,12.0,6.7,1.6,49.3,33.9,74.0,49.9,16.3,45.7
Luka Dončić,105,23.8,8.4,6.9,44.4,32.7,74.7,51.6,23.3,11.2
Luke Babbitt,381,4.8,2.2,0.6,40.8,40.2,74.7,53.2,10.1,7.2
Luke Harangody,70,3.6,2.8,0.5,37.6,24.1,73.7,41.5,10.2,0.9
Luke Jackson,522,9.9,8.8,1.6,41.5,null,72.2,null,12.7,22.3
Luke Jackson,73,3.5,1.2,0.8,35.7,36.0,73.2,42.6,9.3,0.2
Luke Kennard,164,9.8,2.8,2.2,44.1,40.2,86.3,53.9,12.6,7.0
Luke Kornet,84,6.0,2.7,1.0,37.9,35.1,82.3,49.5,13.9,2.1
Luke Ridnour,830,9.3,2.3,4.5,43.1,34.9,86.2,47.4,13.9,36.0
Luke Schenscher,31,1.8,1.7,0.3,46.9,-,45.0,46.9,6.9,0.3
Luke Walton,564,4.7,2.8,2.3,42.9,32.6,71.5,46.6,11.7,13.5
Luke Witte,118,3.2,3.0,0.5,40.2,null,68.5,null,12.4,1.2
Luke Zeller,16,1.2,0.6,0.2,34.6,20.0,-,36.5,5.6,-0.1
Luol Deng,902,14.8,6.1,2.3,45.6,33.2,76.9,48.5,15.4,74.0
Luther Green,90,4.3,3.6,0.3,38.3,0.0,50.7,38.3,10.5,-0.5
Luther Head,348,8.2,2.4,2.1,42.3,38.8,77.3,51.5,12.3,14.7
Luther Rackley,278,6.3,4.6,0.6,46.1,0.0,63.1,46.1,12.6,6.0
Luther Wright,15,1.3,0.7,0.0,34.8,0.0,75.0,34.8,-0.4,-0.1
Lynn Greer,41,4.1,0.7,1.3,43.3,34.6,84.4,49.6,14.0,0.7
Lynn Shackelford,22,2.6,1.2,0.5,30.6,30.8,76.9,33.3,4.7,-0.3